threshold,acc,precision,recall,tpr,f1,fpr,fnr,TN,FP,FN,TP
0.0010000,0.8665500,0.7896922,0.9992042,0.9992041666666667,0.8821794,0.26610416666666664,0.0007958,352270,127730,382,479618
0.0030000,0.9095208333333333,0.8478696369286528,0.9981333333333333,0.9981333333333333,0.9168857911638285,0.17909166666666668,0.0018667,394036,85964,896,479104
0.0050000,0.9253395833333333,0.8717150,0.9974708333333333,0.9974708333333333,0.9303626,0.14679166666666665,0.0025292,409540,70460,1214,478786
0.0070000,0.9343708333333334,0.8860244836294425,0.9969916666666667,0.9969916666666667,0.9382383964176623,0.1282500,0.0030083,418440,61560,1444,478556
0.0090000,0.9402250,0.8956900813446587,0.9965000,0.9965000,0.9434096234408653,0.1160500,0.0035000,424296,55704,1680,478320
0.0110000,0.9445833333333333,0.9030217186024552,0.9961458333333333,0.9961458333333333,0.9473006438831104,0.10697916666666667,0.0038542,428650,51350,1850,478150
0.013000000000000001,0.9479000,0.9087580138564617,0.9957791666666667,0.9957791666666667,0.9502805269373457,0.0999792,0.0042208,432010,47990,2026,477974
0.0150000,0.9505041666666667,0.9133634598033369,0.9954291666666667,0.9954291666666667,0.9526321665829287,0.0944208,0.0045708,434678,45322,2194,477806
0.0170000,0.9528938,0.9175883914541801,0.9951666666666666,0.9951666666666666,0.9548043,0.0893792,0.0048333,437098,42902,2320,477680
0.019000000000000003,0.9549375,0.9212254251411993,0.9949541666666667,0.9949541666666667,0.9566713674460345,0.0850792,0.0050458,439162,40838,2422,477578
0.0210000,0.9566563,0.9243704962847374,0.9946958333333333,0.9946958333333333,0.9582446077240953,0.0813833,0.0053042,440936,39064,2546,477454
0.0230000,0.9581791666666667,0.9271934050223769,0.9944458333333334,0.9944458333333334,0.9596428,0.0780875,0.0055542,442518,37482,2666,477334
0.0250000,0.9595083333333333,0.9296846387020861,0.9942125,0.9942125,0.9608664312263168,0.0751958,0.0057875,443906,36094,2778,477222
0.027000000000000003,0.9605625,0.9317537322177694,0.9939250,0.9939250,0.9618357546359578,0.0728000,0.0060750,445056,34944,2916,477084
0.0290000,0.9615875,0.9337684813933091,0.9936541666666666,0.9936541666666666,0.9627810,0.0704792,0.0063458,446170,33830,3046,476954
0.0310000,0.9624791666666667,0.9355238685678859,0.9934250,0.9934250,0.9636054270552527,0.0684667,0.0065750,447136,32864,3156,476844
0.0330000,0.9633625,0.9372478709099059,0.9932250,0.9932250,0.9644248625423297,0.0665000,0.0067750,448080,31920,3252,476748
0.0350000,0.9642083333333333,0.9389296,0.9930041666666667,0.9930041666666667,0.9652101364459258,0.0645875,0.0069958,448998,31002,3358,476642
0.037000000000000005,0.9649020833333334,0.9403819815837355,0.9927416666666666,0.9927416666666666,0.9658527291264242,0.0629375,0.0072583,449790,30210,3484,476516
0.0390000,0.9655729166666667,0.9417147962350225,0.9925791666666667,0.9925791666666667,0.9664782143893152,0.0614333,0.0074208,450512,29488,3562,476438
0.0410000,0.9661063,0.9428720738268584,0.9923375,0.9923375,0.9669725999866015,0.0601250,0.0076625,451140,28860,3678,476322
0.043000000000000003,0.9666333333333333,0.9439264932058539,0.9922083333333334,0.9922083333333334,0.9674654055854844,0.0589417,0.0077917,451708,28292,3740,476260
0.0450000,0.9671313,0.9449275132254135,0.9920833333333333,0.9920833333333333,0.9679314276886928,0.057820833333333335,0.0079167,452246,27754,3800,476200
0.0470000,0.9676438,0.9460245675249271,0.9918791666666666,0.9918791666666666,0.9684093622681961,0.056591666666666665,0.0081208,452836,27164,3898,476102
0.0490000,0.9680979166666667,0.9469693051383556,0.9917333333333334,0.9917333333333334,0.9688345256388078,0.0555375,0.0082667,453342,26658,3968,476032
0.051000000000000004,0.9685625,0.9479386576379207,0.9915833333333334,0.9915833333333334,0.9692699317788414,0.0544583,0.0084167,453860,26140,4040,475960
0.053000000000000005,0.9690645833333333,0.9489748304013337,0.9914375,0.9914375,0.9697415530455089,0.0533083,0.0085625,454412,25588,4110,475890
0.0550000,0.9694208333333333,0.9497768,0.9912583333333334,0.9912583333333334,0.9700743350418568,0.0524167,0.0087417,454840,25160,4196,475804
0.0570000,0.9698208333333334,0.9506314443289905,0.9911125,0.9911125,0.9704500020399005,0.051470833333333334,0.0088875,455294,24706,4266,475734
0.059000000000000004,0.9702020833333334,0.9514572040085612,0.9909625,0.9909625,0.9708081189472717,0.0505583,0.0090375,455732,24268,4338,475662
0.0610000,0.9705520833333333,0.9522383158670346,0.9908000,0.9908000,0.9711365088959178,0.049695833333333335,0.0092000,456146,23854,4416,475584
0.0630000,0.9708645833333334,0.9529449487965691,0.9906458333333333,0.9906458333333333,0.9714297388124495,0.048916666666666664,0.0093542,456520,23480,4490,475510
0.0650000,0.9711770833333333,0.9536237348919118,0.9905250,0.9905250,0.9717241618927133,0.048170833333333336,0.0094750,456878,23122,4548,475452
0.0670000,0.9715188,0.9543281101328484,0.9904375,0.9904375,0.9720475749415741,0.0474000,0.0095625,457248,22752,4590,475410
0.0690000,0.9717895833333333,0.9549214741722546,0.9903291666666667,0.9903291666666667,0.9723030728228121,0.0467500,0.0096708,457560,22440,4642,475358
0.0710000,0.9720229166666666,0.9554612084735473,0.9902041666666667,0.9902041666666667,0.9725224921070454,0.046158333333333336,0.0097958,457844,22156,4702,475298
0.0730000,0.9722563,0.9560200366130882,0.9900583333333334,0.9900583333333334,0.9727415079470674,0.045545833333333334,0.0099417,458138,21862,4772,475228
0.0750000,0.9724500,0.9564881316628555,0.9899333333333333,0.9899333333333333,0.9729233894085079,0.045033333333333335,0.010066666666666666,458384,21616,4832,475168
0.0770000,0.9726854166666666,0.9570449573551748,0.9897958333333333,0.9897958333333333,0.9731449183041009,0.0444250,0.010204166666666667,458676,21324,4898,475102
0.0790000,0.9729083333333334,0.9575462190294205,0.9896958333333333,0.9896958333333333,0.9733556,0.043879166666666664,0.010304166666666666,458938,21062,4946,475054
0.0810000,0.9731125,0.9580281076545759,0.9895791666666667,0.9895791666666667,0.9735480750311536,0.043354166666666666,0.010420833333333334,459190,20810,5002,474998
0.0830000,0.9733041666666666,0.9585392042885745,0.9894041666666666,0.9894041666666666,0.9737271594003215,0.0427958,0.010595833333333334,459458,20542,5086,474914
0.0850000,0.9735083333333333,0.9590334776707814,0.9892750,0.9892750,0.9739195353263544,0.042258333333333335,0.0107250,459716,20284,5148,474852
0.0870000,0.9736833333333333,0.9594703828246249,0.9891500,0.9891500,0.9740841649159664,0.0417833,0.0108500,459944,20056,5208,474792
0.0890000,0.9738270833333333,0.9598532914397092,0.9890208333333333,0.9890208333333333,0.9742187964941011,0.0413667,0.010979166666666667,460144,19856,5270,474730
0.0910000,0.9739854166666667,0.9602675265928392,0.9888875,0.9888875,0.9743673958694702,0.040916666666666664,0.0111125,460360,19640,5334,474666
0.0930000,0.9741313,0.9606850063763891,0.9887250,0.9887250,0.9745033418548064,0.0404625,0.0112750,460578,19422,5412,474588
0.0950000,0.9742375,0.9609991413249518,0.9885958333333333,0.9885958333333333,0.9746021705018774,0.040120833333333335,0.011404166666666667,460742,19258,5474,474526
0.0970000,0.9743938,0.9614182833567715,0.9884541666666666,0.9884541666666666,0.9747487924988032,0.0396667,0.011545833333333333,460960,19040,5542,474458
0.0990000,0.9745250,0.9617611521525824,0.9883458333333334,0.9883458333333334,0.9748722859479608,0.039295833333333335,0.011654166666666667,461138,18862,5594,474406
0.1010000,0.9746688,0.9621352567249066,0.9882291666666667,0.9882291666666667,0.9750076565901145,0.038891666666666665,0.011770833333333333,461332,18668,5650,474350
0.10300000000000001,0.9747958333333333,0.9624859976946929,0.9881041666666667,0.9881041666666667,0.9751268534585557,0.0385125,0.011895833333333333,461514,18486,5710,474290
0.10500000000000001,0.9749104166666667,0.9628173841012543,0.9879750,0.9879750,0.9752339744710254,0.0381542,0.0120250,461686,18314,5772,474228
0.1070000,0.9750188,0.9631636894000641,0.9878166666666667,0.9878166666666667,0.9753344180621751,0.0377792,0.012183333333333332,461866,18134,5848,474152
0.1090000,0.9751188,0.9634645477269494,0.9876916666666666,0.9876916666666666,0.9754276955363297,0.0374542,0.012308333333333333,462022,17978,5908,474092
0.1110000,0.9752750,0.9638526290106136,0.9875875,0.9875875,0.9755757238994875,0.0370375,0.0124125,462222,17778,5958,474042
0.1130000,0.9753854166666667,0.9641548043790453,0.9874833333333334,0.9874833333333334,0.9756796423270969,0.0367125,0.012516666666666667,462378,17622,6008,473992
0.1150000,0.9755020833333333,0.9644387649206201,0.9874125,0.9874125,0.9757904294064239,0.036408333333333334,0.0125875,462524,17476,6042,473958
0.1170000,0.9755833333333334,0.9647015715332627,0.9872916666666667,0.9872916666666667,0.9758659033812446,0.0361250,0.012708333333333334,462660,17340,6100,473900
0.11900000000000001,0.9757041666666667,0.9650014,0.9872125,0.9872125,0.9759805900429228,0.035804166666666665,0.0127875,462814,17186,6138,473862
0.1210000,0.9758000,0.9652959440627826,0.9870875,0.9870875,0.9760701086486285,0.0354875,0.0129125,462966,17034,6198,473802
0.1230000,0.9758854166666666,0.9655445092548435,0.9869916666666667,0.9869916666666667,0.9761502974258806,0.0352208,0.013008333333333334,463094,16906,6244,473756
0.1250000,0.9759520833333334,0.9658033919316231,0.9868458333333333,0.9868458333333333,0.9762112322223115,0.0349417,0.013154166666666666,463228,16772,6314,473686
0.1270000,0.9760416666666667,0.9660602104919638,0.9867500,0.9867500,0.9762955023292246,0.034666666666666665,0.0132500,463360,16640,6360,473640
0.1290000,0.9761416666666667,0.9663559640216132,0.9866333333333334,0.9866333333333334,0.9763893814067409,0.0343500,0.013366666666666667,463512,16488,6416,473584
0.1310000,0.9762083333333333,0.9665659699542782,0.9865416666666667,0.9865416666666667,0.9764517,0.0341250,0.013458333333333333,463620,16380,6460,473540
0.1330000,0.9763250,0.9668632383690539,0.9864583333333333,0.9864583333333333,0.9765625000000001,0.033808333333333336,0.013541666666666667,463772,16228,6500,473500
0.1350000,0.9763938,0.9670927653107497,0.9863500,0.9863500,0.9766265,0.0335625,0.0136500,463890,16110,6552,473448
0.1370000,0.9764645833333333,0.9673111266402671,0.9862583333333333,0.9862583333333333,0.9766928477556267,0.0333292,0.013741666666666666,464002,15998,6596,473404
0.1390000,0.9765541666666666,0.9676302232398397,0.9860958333333333,0.9860958333333333,0.9767758,0.0329875,0.013904166666666667,464166,15834,6674,473326
0.14100000000000001,0.9766604166666667,0.9679085766639808,0.9860125,0.9860125,0.9768766679945261,0.0326917,0.0139875,464308,15692,6714,473286
0.14300000000000002,0.9767458333333333,0.9681590,0.9859166666666667,0.9859166666666667,0.9769571554204979,0.0324250,0.014083333333333333,464436,15564,6760,473240
0.14500000000000002,0.9768333333333333,0.9683905928963762,0.9858458333333333,0.9858458333333333,0.9770402580080358,0.0321792,0.014154166666666667,464554,15446,6794,473206
0.1470000,0.9768958333333333,0.9685939112064589,0.9857541666666667,0.9857541666666667,0.9770987006765072,0.0319625,0.014245833333333333,464658,15342,6838,473162
0.1490000,0.9770104166666667,0.9688658265381764,0.9856958333333333,0.9856958333333333,0.9772083714570737,0.0316750,0.014304166666666666,464796,15204,6866,473134
0.1510000,0.9770875,0.9691202740130124,0.9855791666666667,0.9855791666666667,0.9772804270403821,0.031404166666666664,0.014420833333333334,464926,15074,6922,473078
0.1530000,0.9771666666666666,0.9693827362898598,0.9854583333333333,0.9854583333333333,0.9773544361337245,0.0311250,0.014541666666666666,465060,14940,6980,473020
0.1550000,0.9772479166666667,0.9696147207268523,0.9853750,0.9853750,0.9774313340951972,0.030879166666666666,0.0146250,465178,14822,7020,472980
0.1570000,0.9773458333333334,0.9698786780086459,0.9852916666666667,0.9852916666666667,0.9775244205417785,0.0306000,0.014708333333333334,465312,14688,7060,472940
0.1590000,0.9774166666666667,0.9700756519027849,0.9852250,0.9852250,0.9775916386217618,0.030391666666666668,0.0147750,465412,14588,7092,472908
0.1610000,0.9774979166666666,0.9703080818651532,0.9851416666666667,0.9851416666666667,0.9776686122120707,0.030145833333333334,0.014858333333333333,465530,14470,7132,472868
0.1630000,0.9775813,0.9705678286537728,0.9850333333333333,0.9850333333333333,0.9777470806097064,0.029870833333333333,0.014966666666666666,465662,14338,7184,472816
0.1650000,0.9776688,0.9708086752608862,0.9849541666666667,0.9849541666666667,0.9778302657513904,0.029616666666666666,0.015045833333333333,465784,14216,7222,472778
0.1670000,0.9777229166666667,0.9709935956685523,0.9848666666666667,0.9848666666666667,0.9778809297745895,0.029420833333333334,0.015133333333333334,465878,14122,7264,472736
0.1690000,0.9777770833333334,0.9711708750231134,0.9847875,0.9847875,0.9779317906757834,0.029233333333333333,0.0152125,465968,14032,7302,472698
0.1710000,0.9778395833333333,0.9713719671342784,0.9847000,0.9847000,0.9779905771447134,0.029020833333333333,0.0153000,466070,13930,7344,472656
0.17300000000000001,0.9778979166666667,0.9715690668157766,0.9846083333333333,0.9846083333333333,0.9780452422390583,0.0288125,0.015391666666666666,466170,13830,7388,472612
0.17500000000000002,0.9779375,0.9717109159099881,0.9845375,0.9845375,0.9780821577587919,0.0286625,0.0154625,466242,13758,7422,472578
0.1770000,0.9779791666666666,0.9719189409335122,0.9844000,0.9844000,0.9781196567042449,0.028441666666666667,0.0156000,466348,13652,7488,472512
0.1790000,0.9780563,0.9721329487142557,0.9843291666666667,0.9843291666666667,0.9781930432226181,0.028216666666666668,0.015670833333333332,466456,13544,7522,472478
0.1810000,0.9781125,0.9723148,0.9842500,0.9842500,0.9782460150824315,0.0280250,0.0157500,466548,13452,7560,472440
0.1830000,0.9781708333333333,0.9724930419459495,0.9841791666666667,0.9841791666666667,0.9783012069151183,0.0278375,0.015820833333333333,466638,13362,7594,472406
0.1850000,0.9782813,0.9727637036091284,0.9841166666666666,0.9841166666666666,0.9784072526776042,0.027554166666666668,0.015883333333333333,466774,13226,7624,472376
0.1870000,0.9783333333333334,0.9729495904948667,0.9840250,0.9840250,0.9784559548569393,0.0273583,0.0159750,466868,13132,7668,472332
0.1890000,0.9783875,0.9731434929531031,0.9839291666666666,0.9839291666666666,0.9785066092073095,0.027154166666666667,0.016070833333333333,466966,13034,7714,472286
0.1910000,0.9784645833333333,0.9733387,0.9838791666666666,0.9838791666666666,0.9785805606725252,0.0269500,0.016120833333333334,467064,12936,7738,472262
0.1930000,0.9785125,0.9734778521719054,0.9838291666666666,0.9838291666666666,0.9786261377012218,0.026804166666666667,0.016170833333333332,467134,12866,7762,472238
0.1950000,0.9785813,0.9736728154499004,0.9837625,0.9837625,0.9786916538683944,0.0266000,0.0162375,467232,12768,7794,472206
0.1970000,0.9786125,0.9738033955353166,0.9836875,0.9836875,0.9787204934955104,0.0264625,0.0163125,467298,12702,7830,472170
0.1990000,0.9786563,0.9739816064068129,0.9835875,0.9835875,0.9787609848932451,0.0262750,0.0164125,467388,12612,7878,472122
0.2010000,0.9786958333333333,0.9741323098510173,0.9835083333333333,0.9835083333333333,0.9787978685907404,0.026116666666666667,0.0164917,467464,12536,7916,472084
0.2030000,0.9787229166666667,0.9742941946243617,0.9833916666666667,0.9833916666666667,0.9788217924232904,0.025945833333333335,0.016608333333333333,467546,12454,7972,472028
0.20500000000000002,0.9787438,0.9744049216540391,0.9833166666666666,0.9833166666666666,0.9788405105818185,0.025829166666666667,0.016683333333333335,467602,12398,8008,471992
0.20700000000000002,0.9787979166666667,0.9745722462903232,0.9832500,0.9832500,0.9788918917237216,0.025654166666666665,0.0167500,467686,12314,8040,471960
0.20900000000000002,0.9788375,0.9747193099858725,0.9831750,0.9831750,0.9789288959139731,0.0255000,0.0168250,467760,12240,8076,471924
0.2110000,0.9788770833333333,0.9748625164752984,0.9831041666666667,0.9831041666666667,0.9789659958218281,0.0253500,0.016895833333333332,467832,12168,8110,471890
0.2130000,0.9789354166666666,0.9750302719724928,0.9830458333333333,0.9830458333333333,0.9790216464407758,0.0251750,0.016954166666666666,467916,12084,8138,471862
0.2150000,0.9789625,0.9751533539458673,0.9829708333333333,0.9829708333333333,0.9790464886579626,0.025045833333333333,0.017029166666666668,467978,12022,8174,471826
0.2170000,0.9789938,0.9753199230944161,0.9828583333333333,0.9828583333333333,0.9790746,0.0248708,0.017141666666666666,468062,11938,8228,471772
0.2190000,0.9790083333333334,0.9754346495508759,0.9827666666666667,0.9827666666666667,0.9790869316153457,0.0247500,0.017233333333333333,468120,11880,8272,471728
0.2210000,0.9790395833333333,0.9755777734573748,0.9826791666666667,0.9826791666666667,0.9791155938698113,0.0246000,0.017320833333333334,468192,11808,8314,471686
0.2230000,0.9790875,0.9757611367191056,0.9825833333333334,0.9825833333333334,0.9791603519363558,0.024408333333333334,0.017416666666666667,468284,11716,8360,471640
0.2250000,0.9791229166666666,0.9759321879565744,0.9824750,0.9824750,0.9791926645889092,0.024229166666666666,0.0175250,468370,11630,8412,471588
0.2270000,0.9791583333333334,0.9760599763207789,0.9824125,0.9824125,0.9792259356012311,0.024095833333333334,0.0175875,468434,11566,8442,471558
0.2290000,0.9792083333333333,0.9762239962899165,0.9823416666666667,0.9823416666666667,0.9792732770651958,0.0239250,0.017658333333333335,468516,11484,8476,471524
0.2310000,0.9792458333333334,0.9763598863551649,0.9822750,0.9822750,0.9793085113011835,0.023783333333333333,0.0177250,468584,11416,8508,471492
0.2330000,0.9793041666666666,0.9765323,0.9822125,0.9822125,0.9793641825025551,0.023604166666666666,0.0177875,468670,11330,8538,471462
0.23500000000000001,0.9793229166666667,0.9766398316145365,0.9821375,0.9821375,0.9793810,0.023491666666666668,0.0178625,468724,11276,8574,471426
0.23700000000000002,0.9793750,0.9767963265339953,0.9820791666666666,0.9820791666666666,0.9794306230235736,0.023329166666666668,0.017920833333333334,468802,11198,8602,471398
0.23900000000000002,0.9794020833333333,0.9769240653769787,0.9820000,0.9820000,0.9794555,0.023195833333333332,0.0180000,468866,11134,8640,471360
0.2410000,0.9794063,0.9770389442392129,0.9818875,0.9818875,0.9794572217684869,0.0230750,0.0181125,468924,11076,8694,471306
0.2430000,0.9794541666666666,0.9771796105231729,0.9818375,0.9818375,0.9795030178075587,0.022929166666666667,0.0181625,468994,11006,8718,471282
0.2450000,0.9794938,0.9773357944293506,0.9817541666666667,0.9817541666666667,0.9795399981292287,0.022766666666666668,0.018245833333333333,469072,10928,8758,471242
0.2470000,0.9795354166666667,0.9774763001223888,0.9816916666666666,0.9816916666666666,0.9795794484808799,0.022620833333333333,0.018308333333333333,469142,10858,8788,471212
0.2490000,0.9795604166666667,0.9776161210405973,0.9815958333333333,0.9815958333333333,0.9796019,0.0224750,0.018404166666666666,469212,10788,8834,471166
0.2510000,0.9795916666666666,0.9777404225293653,0.9815291666666667,0.9815291666666667,0.9796311313496767,0.022345833333333332,0.018470833333333332,469274,10726,8866,471134
0.2530000,0.9796520833333333,0.9779097,0.9814750,0.9814750,0.9796891083961529,0.022170833333333334,0.0185250,469358,10642,8892,471108
0.2550000,0.9796604166666667,0.9780053232349656,0.9813916666666667,0.9813916666666667,0.9796955687133317,0.022070833333333335,0.018608333333333334,469406,10594,8932,471068
0.2570000,0.9796813,0.9781054939761038,0.9813291666666667,0.9813291666666667,0.9797146785193567,0.021966666666666666,0.018670833333333334,469456,10544,8962,471038
0.2590000,0.9796875,0.9781732845987705,0.9812708333333333,0.9812708333333333,0.9797196106165239,0.021895833333333333,0.0187292,469490,10510,8990,471010
0.2610000,0.9797125,0.9783015105438955,0.9811875,0.9811875,0.9797423799895154,0.0217625,0.0188125,469554,10446,9030,470970
0.2630000,0.9797313,0.9784295,0.9810916666666667,0.9810916666666667,0.9797587864842204,0.021629166666666668,0.018908333333333333,469618,10382,9076,470924
0.2650000,0.9797625,0.9785859761419843,0.9809916666666667,0.9809916666666667,0.9797873447221124,0.021466666666666665,0.019008333333333332,469696,10304,9124,470876
0.2670000,0.9797688,0.9786658241634899,0.9809208333333334,0.9809208333333334,0.9797920312639812,0.021383333333333334,0.019079166666666668,469736,10264,9158,470842
0.2690000,0.9797979166666667,0.9788063884372779,0.9808333333333333,0.9808333333333333,0.9798188126044491,0.0212375,0.019166666666666665,469806,10194,9200,470800
0.2710000,0.9798291666666666,0.9789311707215638,0.9807666666666667,0.9807666666666667,0.9798480591112498,0.021108333333333333,0.019233333333333335,469868,10132,9232,470768
0.2730000,0.9798563,0.9790518421151151,0.9806958333333333,0.9806958333333333,0.9798731481693496,0.020983333333333333,0.019304166666666667,469928,10072,9266,470734
0.2750000,0.9798750,0.9791762013729977,0.9806041666666667,0.9806041666666667,0.9798896637868221,0.020854166666666667,0.019395833333333334,469990,10010,9310,470690
0.2770000,0.9798479166666667,0.9792508499827298,0.9804708333333333,0.9804708333333333,0.9798604619205953,0.0207750,0.019529166666666667,470028,9972,9374,470626
0.2790000,0.9798875,0.9793881373569199,0.9804083333333333,0.9804083333333333,0.9798979698073919,0.020633333333333333,0.019591666666666667,470096,9904,9404,470596
0.2810000,0.9799020833333333,0.9794845322198585,0.9803375,0.9803375,0.9799108304925563,0.020533333333333334,0.0196625,470144,9856,9438,470562
0.28300000000000003,0.9799020833333333,0.9796003347893617,0.9802166666666666,0.9802166666666666,0.9799084038146333,0.0204125,0.019783333333333333,470202,9798,9496,470504
0.28500000000000003,0.9798938,0.9796719017454427,0.9801250,0.9801250,0.9798984,0.0203375,0.0198750,470238,9762,9540,470460
0.28700000000000003,0.9799083333333334,0.9797843890328332,0.9800375,0.9800375,0.9799109281717778,0.020220833333333334,0.0199625,470294,9706,9582,470418
0.28900000000000003,0.9799041666666667,0.9798641779851679,0.9799458333333333,0.9799458333333333,0.9799050039581684,0.0201375,0.020054166666666668,470334,9666,9626,470374
0.2910000,0.9799313,0.9799652475383673,0.9798958333333333,0.9798958333333333,0.9799305,0.020033333333333334,0.020104166666666666,470384,9616,9650,470350
0.2930000,0.9799438,0.9800857753752151,0.9797958333333333,0.9797958333333333,0.9799407829074717,0.019908333333333333,0.020204166666666665,470444,9556,9698,470302
0.2950000,0.9799791666666666,0.9802232801674184,0.9797250,0.9797250,0.9799740767445059,0.019766666666666665,0.0202750,470512,9488,9732,470268
0.2970000,0.9800375,0.9803977983487616,0.9796625,0.9796625,0.9800300112542204,0.0195875,0.0203375,470598,9402,9762,470238
0.2990000,0.9800229166666666,0.9804813759795805,0.9795458333333333,0.9795458333333333,0.9800133813840353,0.0195000,0.020454166666666666,470640,9360,9818,470182
0.3010000,0.9800041666666667,0.9805688350478479,0.9794166666666667,0.9794166666666667,0.9799924122088395,0.019408333333333333,0.020583333333333332,470684,9316,9880,470120
0.3030000,0.9800125,0.9806573819874999,0.9793416666666667,0.9793416666666667,0.9799991,0.019316666666666666,0.020658333333333334,470728,9272,9916,470084
0.3050000,0.9800188,0.9807619278134115,0.9792458333333334,0.9792458333333334,0.9800032942128187,0.019208333333333334,0.020754166666666667,470780,9220,9962,470038
0.3070000,0.9800333333333333,0.9808748643459387,0.9791583333333334,0.9791583333333334,0.9800158,0.019091666666666667,0.020841666666666668,470836,9164,10004,469996
0.3090000,0.9800333333333333,0.9809551640644569,0.9790750,0.9790750,0.9800141802560789,0.019008333333333332,0.0209250,470876,9124,10044,469956
0.3110000,0.9800354166666667,0.9810556555361162,0.9789750,0.9789750,0.9800142234160808,0.018904166666666666,0.0210250,470926,9074,10092,469908
0.3130000,0.9800520833333334,0.9811607579130246,0.9789000,0.9789000,0.9800290751636781,0.018795833333333335,0.0211000,470978,9022,10128,469872
0.3150000,0.9800750,0.9812460320112273,0.9788583333333334,0.9788583333333334,0.9800507283862032,0.018708333333333334,0.021141666666666666,471020,8980,10148,469852
0.3170000,0.9800750,0.9813385135981952,0.9787625,0.9787625,0.9800488140684648,0.0186125,0.0212375,471066,8934,10194,469806
0.3190000,0.9800479166666667,0.9813696775730025,0.9786750,0.9786750,0.9800204864595351,0.018579166666666667,0.0213250,471082,8918,10236,469764
0.3210000,0.9800583333333334,0.9814706472318802,0.9785916666666666,0.9785916666666666,0.9800290425958071,0.0184750,0.021408333333333335,471132,8868,10276,469724
0.3230000,0.9800729166666666,0.9815838861093347,0.9785041666666666,0.9785041666666666,0.9800416069375499,0.018358333333333334,0.021495833333333332,471188,8812,10318,469682
0.3250000,0.9800708333333333,0.9816724,0.9784083333333333,0.9784083333333333,0.9800376459196747,0.018266666666666667,0.021591666666666665,471232,8768,10364,469636
0.3270000,0.9800750,0.9817651928850384,0.9783208333333333,0.9783208333333333,0.9800399868101962,0.018170833333333334,0.021679166666666666,471278,8722,10406,469594
0.3290000,0.9800750,0.9818417530946805,0.9782416666666667,0.9782416666666667,0.9800384037401905,0.018091666666666666,0.021758333333333334,471316,8684,10444,469556
0.3310000,0.9800833333333333,0.9819307344821817,0.9781666666666666,0.9781666666666666,0.9800450864156299,0.0180000,0.021833333333333333,471360,8640,10480,469520
0.3330000,0.9801188,0.9820691213200072,0.9780958333333334,0.9780958333333334,0.9800785,0.017858333333333334,0.021904166666666666,471428,8572,10514,469486
0.3350000,0.9801250,0.9821298566539192,0.9780458333333333,0.9780458333333333,0.9800835904651755,0.017795833333333334,0.021954166666666667,471458,8542,10538,469462
0.3370000,0.9801395833333333,0.9822070460432437,0.9779958333333333,0.9779958333333333,0.9800969160972166,0.017716666666666665,0.0220042,471496,8504,10562,469438
0.3390000,0.9801291666666667,0.9822591445551184,0.9779208333333334,0.9779208333333334,0.9800851881237734,0.0176625,0.022079166666666667,471522,8478,10598,469402
0.3410000,0.9801500,0.9823729352767336,0.9778458333333333,0.9778458333333333,0.9801042,0.017545833333333333,0.022154166666666666,471578,8422,10634,469366
0.3430000,0.9801625,0.9824824363816015,0.9777583333333333,0.9777583333333333,0.9801146924063269,0.017433333333333332,0.022241666666666667,471632,8368,10676,469324
0.34500000000000003,0.9801666666666666,0.9825512742134046,0.9776958333333333,0.9776958333333333,0.9801175404227945,0.0173625,0.022304166666666667,471666,8334,10706,469294
0.34700000000000003,0.9801666666666666,0.9826361549930478,0.9776083333333333,0.9776083333333333,0.9801157962453945,0.0172750,0.022391666666666667,471708,8292,10748,469252
0.34900000000000003,0.9801666666666666,0.9827089337175793,0.9775333333333334,0.9775333333333334,0.9801143,0.0172000,0.022466666666666666,471744,8256,10784,469216
0.35100000000000003,0.9801645833333333,0.9827654823695996,0.9774708333333333,0.9774708333333333,0.9801110073594078,0.017141666666666666,0.022529166666666666,471772,8228,10814,469186
0.3530000,0.9801750,0.9828548443863442,0.9774000,0.9774000,0.9801198325352855,0.0170500,0.0226000,471816,8184,10848,469152
0.3550000,0.9801750,0.9829357828922004,0.9773166666666666,0.9773166666666666,0.9801181711057437,0.016966666666666668,0.022683333333333333,471856,8144,10888,469112
0.3570000,0.9801479166666667,0.9829834318981018,0.9772125,0.9772125,0.9800894709679037,0.016916666666666667,0.0227875,471880,8120,10938,469062
0.3590000,0.9801438,0.9830926279162387,0.9770916666666667,0.9770916666666667,0.9800829615388633,0.016804166666666665,0.022908333333333333,471934,8066,10996,469004
0.3610000,0.9801333333333333,0.9831489882684422,0.9770125,0.9770125,0.9800711386786262,0.016745833333333335,0.0229875,471962,8038,11034,468966
0.3630000,0.9801375,0.9832301731078905,0.9769375,0.9769375,0.9800737359550562,0.0166625,0.0230625,472002,7998,11070,468930
0.3650000,0.9801500,0.9833076097168165,0.9768833333333333,0.9768833333333333,0.9800849441508929,0.016583333333333332,0.023116666666666667,472040,7960,11096,468904
0.3670000,0.9801666666666666,0.9834176503653738,0.9768041666666667,0.9768041666666667,0.9800997520830459,0.016470833333333334,0.023195833333333332,472094,7906,11134,468866
0.3690000,0.9801770833333333,0.9834910113066644,0.9767500,0.9767500,0.9801089149271984,0.0163958,0.0232500,472130,7870,11160,468840
0.3710000,0.9801770833333333,0.9835518724430924,0.9766875,0.9766875,0.9801076673809649,0.0163333,0.0233125,472160,7840,11190,468810
0.3730000,0.9801729166666666,0.9836207294503733,0.9766083333333333,0.9766083333333333,0.9801019885466736,0.0162625,0.023391666666666668,472194,7806,11228,468772
0.3750000,0.9801813,0.9837021989229936,0.9765416666666666,0.9765416666666666,0.9801088545184243,0.016179166666666668,0.023458333333333335,472234,7766,11260,468740
0.3770000,0.9801750,0.9837750929836198,0.9764541666666666,0.9764541666666666,0.9801009589848896,0.016104166666666666,0.023545833333333332,472270,7730,11302,468698
0.3790000,0.9801729166666666,0.9838359580658569,0.9763875,0.9763875,0.9800975777056063,0.016041666666666666,0.0236125,472300,7700,11334,468666
0.3810000,0.9801770833333333,0.9839295537480212,0.9763000,0.9763000,0.9800999291001151,0.015945833333333333,0.0237000,472346,7654,11376,468624
0.3830000,0.9801729166666666,0.9840066526948874,0.9762125,0.9762125,0.9800940809330286,0.015866666666666668,0.0237875,472384,7616,11418,468582
0.3850000,0.9801500,0.9840791087661519,0.9760916666666667,0.9760916666666667,0.9800691138202539,0.015791666666666666,0.023908333333333334,472420,7580,11476,468524
0.3870000,0.9801354166666667,0.9841315189123557,0.9760083333333334,0.9760083333333334,0.9800530941238738,0.0157375,0.023991666666666668,472446,7554,11516,468484
0.3890000,0.9801395833333333,0.9842170947856743,0.9759291666666666,0.9759291666666666,0.9800556091376399,0.0156500,0.024070833333333333,472488,7512,11554,468446
0.3910000,0.9801375,0.9843106433770994,0.9758291666666666,0.9758291666666666,0.9800515554514031,0.015554166666666668,0.024170833333333332,472534,7466,11602,468398
0.3930000,0.9801313,0.9843755911171641,0.9757500,0.9757500,0.9800438169731134,0.0154875,0.0242500,472566,7434,11640,468360
0.3950000,0.9801354166666667,0.9844531049646642,0.9756791666666667,0.9756791666666667,0.9800464988772885,0.015408333333333333,0.024320833333333333,472604,7396,11674,468326
0.3970000,0.9801333333333333,0.9845141487617206,0.9756125,0.9756125,0.9800431115668752,0.015345833333333333,0.0243875,472634,7366,11706,468294
0.3990000,0.9801416666666667,0.9846000,0.9755416666666666,0.9755416666666666,0.9800498961891367,0.015258333333333334,0.024458333333333332,472676,7324,11740,468260
0.4010000,0.9801208333333333,0.9846809,0.9754166666666667,0.9754166666666667,0.9800268764312118,0.0151750,0.024583333333333332,472716,7284,11800,468200
0.4030000,0.9801063,0.9847415914684168,0.9753250,0.9753250,0.9800106760448394,0.0151125,0.0246750,472746,7254,11844,468156
0.4050000,0.9800895833333333,0.9847900266332313,0.9752416666666667,0.9752416666666667,0.9799925890724408,0.0150625,0.024758333333333334,472770,7230,11884,468116
0.40700000000000003,0.9800813,0.9848428104341386,0.9751708333333333,0.9751708333333333,0.9799829579832637,0.015008333333333334,0.024829166666666666,472796,7204,11918,468082
0.40900000000000003,0.9800813,0.9849325965176621,0.9750791666666667,0.9750791666666667,0.9799811138633038,0.014916666666666667,0.024920833333333333,472840,7160,11962,468038
0.41100000000000003,0.9800833333333333,0.9850020625847133,0.9750125,0.9750125,0.9799818245017443,0.014845833333333334,0.0249875,472874,7126,11994,468006
0.41300000000000003,0.9800688,0.9850670,0.9749166666666667,0.9749166666666667,0.9799655307448585,0.014779166666666666,0.025083333333333332,472906,7094,12040,467960
0.41500000000000004,0.9800645833333334,0.9851240,0.9748500,0.9748500,0.9799600835188492,0.014720833333333334,0.0251500,472934,7066,12072,467928
0.41700000000000004,0.9800500,0.9851603557472038,0.9747833333333333,0.9747833333333333,0.9799443737014946,0.014683333333333333,0.025216666666666665,472952,7048,12104,467896
0.4190000,0.9800416666666667,0.9852091440508077,0.9747166666666667,0.9747166666666667,0.9799348195809351,0.014633333333333333,0.025283333333333335,472976,7024,12136,467864
0.4210000,0.9800333333333333,0.9852579438622502,0.9746500,0.9746500,0.9799252643396953,0.014583333333333334,0.0253500,473000,7000,12168,467832
0.4230000,0.9800333333333333,0.9853274468999335,0.9745791666666667,0.9745791666666667,0.9799238345811111,0.0145125,0.025420833333333333,473034,6966,12202,467798
0.4250000,0.9800083333333334,0.9853798705676149,0.9744750,0.9744750,0.9798970972715694,0.014458333333333333,0.0255250,473060,6940,12252,467748
0.4270000,0.9800270833333333,0.9854908785962014,0.9744000,0.9744000,0.9799140580642323,0.014345833333333334,0.0256000,473114,6886,12288,467712
0.4290000,0.9800063,0.9855230051459711,0.9743250,0.9743250,0.9798920114902792,0.0143125,0.0256750,473130,6870,12324,467676
0.4310000,0.9799895833333333,0.9855716339081356,0.9742416666666667,0.9742416666666667,0.9798739001887935,0.0142625,0.025758333333333334,473154,6846,12364,467636
0.4330000,0.9799791666666666,0.9856450252951097,0.9741458333333334,0.9741458333333334,0.9798616932103941,0.0141875,0.025854166666666668,473190,6810,12410,467590
0.4350000,0.9799563,0.9857016963160048,0.9740416666666667,0.9740416666666667,0.9798369942220759,0.014129166666666667,0.025958333333333333,473218,6782,12460,467540
0.4370000,0.9799375,0.9857626032169094,0.9739416666666667,0.9739416666666667,0.9798164829959634,0.014066666666666667,0.026058333333333333,473248,6752,12508,467492
0.4390000,0.9799458333333333,0.9858407004993927,0.9738791666666666,0.9738791666666666,0.9798234288013952,0.0139875,0.026120833333333333,473286,6714,12538,467462
0.4410000,0.9799208333333334,0.9858891719960178,0.9737791666666666,0.9737791666666666,0.9797968,0.0139375,0.026220833333333332,473310,6690,12586,467414
0.4430000,0.9799063,0.9859338545204474,0.9737041666666667,0.9737041666666667,0.9797808,0.013891666666666667,0.026295833333333334,473332,6668,12622,467378
0.4450000,0.9798979166666667,0.9860033335443171,0.9736166666666667,0.9736166666666667,0.9797708523328826,0.013820833333333333,0.026383333333333335,473366,6634,12664,467336
0.4470000,0.9799000,0.9860936431700585,0.9735291666666667,0.9735291666666667,0.9797711252101933,0.013729166666666667,0.026470833333333332,473410,6590,12706,467294
0.4490000,0.9798770833333333,0.9861504,0.9734250,0.9734250,0.9797464054535199,0.013670833333333333,0.0265750,473438,6562,12756,467244
0.4510000,0.9798625,0.9861951923807594,0.9733500,0.9733500,0.9797304948476956,0.0136250,0.0266500,473460,6540,12792,467208
0.4530000,0.9798479166666667,0.9862605,0.9732541666666666,0.9732541666666666,0.9797141568886513,0.013558333333333334,0.026745833333333333,473492,6508,12838,467162
0.4550000,0.9798354166666666,0.9863299478451826,0.9731583333333333,0.9731583333333333,0.9796998710137481,0.0134875,0.026841666666666666,473526,6474,12884,467116
0.4570000,0.9798313,0.9863791290244922,0.9731000,0.9731000,0.9796945690680392,0.0134375,0.0269000,473550,6450,12912,467088
0.4590000,0.9798229166666667,0.9864405347751706,0.9730208333333333,0.9730208333333333,0.9796847305106612,0.0133750,0.026979166666666665,473580,6420,12950,467050
0.4610000,0.9798145833333334,0.9864896264157799,0.9729541666666667,0.9729541666666667,0.9796751463687338,0.0133250,0.027045833333333335,473604,6396,12982,467018
0.4630000,0.9798125,0.9865389002966005,0.9729000,0.9729000,0.9796719825795814,0.0132750,0.0271000,473628,6372,13008,466992
0.4650000,0.9797979166666667,0.9865878,0.9728208333333334,0.9728208333333334,0.9796560,0.0132250,0.027179166666666667,473652,6348,13046,466954
0.4670000,0.9797895833333333,0.9866493109117266,0.9727416666666666,0.9727416666666666,0.9796461309604986,0.0131625,0.027258333333333332,473682,6318,13084,466916
0.46900000000000003,0.9797875,0.9867233071265534,0.9726625,0.9726625,0.9796424524738765,0.0130875,0.0273375,473718,6282,13122,466878
0.47100000000000003,0.9797625,0.9867514394176382,0.9725833333333334,0.9725833333333334,0.9796161610226752,0.013058333333333333,0.027416666666666666,473732,6268,13160,466840
0.47300000000000003,0.9797563,0.9868212432932939,0.9725000,0.9725000,0.9796082826006207,0.0129875,0.0275000,473766,6234,13200,466800
0.47500000000000003,0.9797438,0.9868867848730755,0.9724083333333333,0.9724083333333333,0.9795940639566487,0.012920833333333333,0.027591666666666667,473798,6202,13244,466756
0.47700000000000004,0.9797188,0.9869190656837992,0.9723250,0.9723250,0.9795677,0.0128875,0.0276750,473814,6186,13284,466716
0.47900000000000004,0.9797063,0.9869805215405114,0.9722375,0.9722375,0.9795535405056516,0.0128250,0.0277625,473844,6156,13326,466674
0.4810000,0.9796938,0.9870378752945457,0.9721541666666667,0.9721541666666667,0.9795394862515507,0.012766666666666667,0.027845833333333334,473872,6128,13366,466634
0.4830000,0.9796604166666667,0.9870534826554745,0.9720708333333333,0.9720708333333333,0.9795048671479584,0.0127500,0.027929166666666668,473880,6120,13406,466594
0.4850000,0.9796291666666667,0.9870938803835445,0.9719666666666666,0.9719666666666666,0.9794719,0.012708333333333334,0.028033333333333334,473900,6100,13456,466544
0.4870000,0.9796063,0.9871551246185686,0.9718583333333334,0.9718583333333334,0.9794470071239457,0.012645833333333334,0.028141666666666666,473930,6070,13508,466492
0.4890000,0.9795979166666666,0.9872085197522974,0.9717875,0.9717875,0.9794373,0.012591666666666666,0.0282125,473956,6044,13542,466458
0.4910000,0.9795895833333333,0.9872825566971902,0.9716958333333333,0.9716958333333333,0.9794271866882537,0.012516666666666667,0.028304166666666665,473992,6008,13586,466414
0.4930000,0.9795604166666667,0.9873271938181434,0.9715916666666666,0.9715916666666666,0.9793962303774872,0.012470833333333334,0.028408333333333334,474014,5986,13636,466364
0.4950000,0.9795333333333334,0.9873636425232062,0.9715000,0.9715000,0.9793675862764206,0.012433333333333333,0.0285000,474032,5968,13680,466320
0.4970000,0.9795063,0.9874207443361583,0.9713875,0.9713875,0.9793385044832735,0.0123750,0.0286125,474060,5940,13734,466266
0.4990000,0.9794813,0.9874903095438814,0.9712666666666666,0.9712666666666666,0.9793113009576584,0.012304166666666666,0.028733333333333333,474094,5906,13792,466208
0.5010000,0.9794750,0.9875479820019828,0.9711958333333334,0.9711958333333334,0.9793036514812216,0.012245833333333333,0.028804166666666665,474122,5878,13826,466174
0.5030000,0.9794666666666667,0.9875973525199366,0.9711291666666667,0.9711291666666667,0.9792940306471876,0.012195833333333333,0.0288708,474146,5854,13858,466142
0.5050000,0.9794395833333334,0.9876462635774556,0.9710250,0.9710250,0.9792651078554755,0.012145833333333333,0.0289750,474170,5830,13908,466092
0.5070000,0.9794229166666667,0.9876995850411356,0.9709375,0.9709375,0.9792468172639922,0.012091666666666667,0.0290625,474196,5804,13950,466050
0.5090000,0.9794145833333333,0.9877407,0.9708791666666666,0.9708791666666666,0.9792373655976112,0.0120500,0.029120833333333332,474216,5784,13978,466022
0.5110000,0.9794041666666666,0.9878107723094665,0.9707875,0.9707875,0.9792251567674798,0.011979166666666667,0.0292125,474250,5750,14022,465978
0.5130000,0.9793895833333334,0.9878766034135482,0.9706916666666666,0.9706916666666666,0.9792087,0.0119125,0.029308333333333332,474282,5718,14068,465932
0.5150000,0.9793708333333333,0.9879423540189326,0.9705875,0.9705875,0.9791880349065963,0.011845833333333333,0.0294125,474314,5686,14118,465882
0.5170000,0.9793479166666667,0.9879790460435621,0.9705041666666666,0.9705041666666666,0.9791636451534929,0.011808333333333334,0.029495833333333332,474332,5668,14158,465842
0.5190000,0.9793041666666666,0.9880110980069405,0.9703833333333334,0.9703833333333334,0.9791178807612914,0.0117750,0.029616666666666666,474348,5652,14216,465784
0.5210000,0.9792854166666667,0.9880562,0.9703000,0.9703000,0.9790975998923663,0.011729166666666667,0.0297000,474370,5630,14256,465744
0.5230000,0.9792750,0.9881387868037107,0.9701958333333334,0.9701958333333334,0.9790851102299628,0.011645833333333333,0.029804166666666666,474410,5590,14306,465694
0.5250000,0.9792458333333334,0.9881878066586306,0.9700875,0.9700875,0.9790540,0.011595833333333333,0.0299125,474434,5566,14358,465642
0.5270000,0.9792291666666667,0.9882371419353744,0.9700041666666667,0.9700041666666667,0.9790357716602324,0.011545833333333333,0.029995833333333333,474458,5542,14398,465602
0.5290000,0.9791958333333334,0.9882570708057025,0.9699166666666666,0.9699166666666666,0.9790009799262321,0.0115250,0.030083333333333333,474468,5532,14440,465560
0.5310000,0.9791770833333333,0.9883146716261374,0.9698208333333334,0.9698208333333334,0.9789804188774556,0.011466666666666667,0.030179166666666667,474496,5504,14486,465514
0.5330000,0.9791479166666667,0.9883430085654469,0.9697333333333333,0.9697333333333333,0.9789497372134744,0.0114375,0.030266666666666667,474510,5490,14528,465472
0.5350000,0.9791166666666666,0.9884045,0.9696083333333333,0.9696083333333333,0.9789161948190713,0.0113750,0.030391666666666668,474540,5460,14588,465412
0.5370000,0.9791000,0.9884248443194658,0.9695541666666667,0.9695541666666667,0.9788986,0.011354166666666667,0.0304458,474550,5450,14614,465386
0.5390000,0.9790854166666667,0.9884867512670946,0.9694625,0.9694625,0.9788822018549331,0.011291666666666667,0.0305375,474580,5420,14658,465342
0.5410000,0.9790625,0.9885526349335849,0.9693500,0.9693500,0.9788571500700555,0.0112250,0.0306500,474612,5388,14712,465288
0.5430000,0.9790583333333334,0.9886231311251074,0.9692708333333333,0.9692708333333333,0.9788513408317239,0.011154166666666666,0.030729166666666665,474646,5354,14750,465250
0.5450000,0.9790270833333333,0.9886680976770875,0.9691625,0.9691625,0.9788181330415663,0.011108333333333333,0.0308375,474668,5332,14802,465198
0.5470000,0.9790000,0.9887297956823766,0.9690458333333334,0.9690458333333334,0.9787888607850647,0.011045833333333333,0.030954166666666668,474698,5302,14858,465142
0.5490000,0.9789645833333334,0.9887663858971797,0.9689375,0.9689375,0.9787515230845962,0.011008333333333334,0.0310625,474716,5284,14910,465090
0.5510000,0.9789458333333333,0.9888075251533012,0.9688583333333334,0.9688583333333334,0.9787313,0.010966666666666666,0.031141666666666668,474736,5264,14948,465052
0.5530000,0.9789063,0.9888440420039044,0.9687416666666666,0.9687416666666666,0.9786896390603657,0.010929166666666667,0.0312583,474754,5246,15004,464996
0.5550000,0.9788938,0.9888936624541135,0.9686666666666667,0.9686666666666667,0.9786756642411664,0.010879166666666667,0.0313333,474778,5222,15040,464960
0.5570000,0.9788770833333333,0.9889640032503861,0.9685625,0.9685625,0.9786569,0.010808333333333333,0.0314375,474812,5188,15090,464910
0.5590000,0.9788354166666666,0.9890088380346117,0.9684333333333334,0.9684333333333334,0.9786129467565741,0.0107625,0.031566666666666666,474834,5166,15152,464848
0.5610000,0.9788250,0.9890668754840961,0.9683541666666666,0.9683541666666666,0.9786009,0.010704166666666667,0.0316458,474862,5138,15190,464810
0.5630000000000001,0.9787916666666666,0.9891119283549562,0.9682416666666667,0.9682416666666667,0.9785655330402411,0.010658333333333334,0.0317583,474884,5116,15244,464756
0.5650000000000001,0.9787458333333333,0.9891442243016118,0.9681166666666666,0.9681166666666666,0.9785174921772675,0.0106250,0.0318833,474900,5100,15304,464696
0.5670000000000001,0.9787063,0.9891766689516868,0.9680041666666667,0.9680041666666667,0.9784758972587884,0.010591666666666666,0.031995833333333334,474916,5084,15358,464642
0.5690000000000001,0.9786625,0.9892131979695431,0.9678791666666666,0.9678791666666666,0.9784299024480649,0.010554166666666667,0.032120833333333335,474934,5066,15418,464582
0.5710000000000001,0.9786500,0.9892795992946769,0.9677875,0.9677875,0.9784155387901077,0.0104875,0.0322125,474966,5034,15462,464538
0.5730000000000001,0.9786250,0.9893207357489117,0.9676958333333333,0.9676958333333333,0.9783888076772391,0.010445833333333333,0.0323042,474986,5014,15506,464494
0.5750000000000001,0.9786104166666667,0.9893746192287866,0.9676125,0.9676125,0.9783725598825415,0.010391666666666667,0.0323875,475012,4988,15546,464454
0.5770000000000001,0.9785813,0.9894031777684038,0.9675250,0.9675250,0.9783417914315147,0.0103625,0.0324750,475026,4974,15588,464412
0.5790000,0.9785563,0.9894401759118395,0.9674375,0.9674375,0.9783151414793233,0.0103250,0.0325625,475044,4956,15630,464370
0.5810000,0.9785395833333334,0.9894815351503399,0.9673625,0.9673625,0.9782970071739336,0.010283333333333334,0.0326375,475064,4936,15666,464334
0.5830000,0.9785188,0.9895228,0.9672791666666667,0.9672791666666667,0.9782745651647159,0.010241666666666666,0.0327208,475084,4916,15706,464294
0.5850000,0.9784833333333334,0.9895721,0.9671583333333333,0.9671583333333333,0.9782368658389595,0.010191666666666667,0.032841666666666665,475108,4892,15764,464236
0.5870000,0.9784583333333333,0.9896175329382169,0.9670625,0.9670625,0.9782100183339304,0.010145833333333333,0.0329375,475130,4870,15810,464190
0.5890000,0.9784479166666666,0.9896590691030042,0.9670000,0.9670000,0.9781983329996523,0.010104166666666666,0.0330000,475150,4850,15840,464160
0.5910000,0.9784395833333334,0.9897173661786218,0.9669250,0.9669250,0.9781884322184824,0.010045833333333334,0.0330750,475178,4822,15876,464124
0.5930000,0.9784041666666666,0.9897625771005912,0.9668083333333334,0.9668083333333334,0.9781508070669472,0.0100000,0.0331917,475200,4800,15932,464068
0.5950000,0.9783833333333334,0.9898122866894198,0.9667166666666667,0.9667166666666667,0.9781281618887014,0.0099500,0.0332833,475224,4776,15976,464024
0.5970000,0.9783625,0.9898620107012109,0.9666250,0.9666250,0.9781055134642871,0.0099000,0.0333750,475248,4752,16020,463980
0.5990000,0.9783313,0.9899115,0.9665125,0.9665125,0.9780720895078712,0.0098500,0.0334875,475272,4728,16074,463926
0.6010000,0.9782958333333334,0.9899400758015502,0.9664125,0.9664125,0.9780348137028353,0.0098208,0.0335875,475286,4714,16122,463878
0.6030000,0.9782604166666666,0.9899812,0.9663000,0.9663000,0.9779972546646453,0.0097792,0.0337000,475306,4694,16176,463824
0.6050000,0.9782229166666667,0.9900138755470168,0.9661916666666667,0.9661916666666667,0.9779577,0.0097458,0.033808333333333336,475322,4678,16228,463772
0.6070000,0.9781875,0.9900550,0.9660791666666667,0.9660791666666667,0.9779201498139979,0.0097042,0.0339208,475342,4658,16282,463718
0.6090000,0.9781438,0.9900834070031134,0.9659625,0.9659625,0.9778742304699116,0.0096750,0.0340375,475356,4644,16338,463662
0.6110000,0.9780979166666667,0.9901159686478868,0.9658375,0.9658375,0.9778260548601078,0.0096417,0.0341625,475372,4628,16398,463602
0.6130000,0.9780729166666666,0.9901573,0.9657458333333333,0.9657458333333333,0.9777992461235692,0.0096000,0.0342542,475392,4608,16442,463558
0.6150000,0.9780375,0.9902068859435486,0.9656250,0.9656250,0.9777614641740604,0.0095500,0.0343750,475416,4584,16500,463500
0.6170000,0.9779916666666667,0.9902688149066199,0.9654708333333333,0.9654708333333333,0.9777126099706744,0.0094875,0.034529166666666666,475446,4554,16574,463426
0.6190000,0.9779395833333333,0.9902887307388173,0.9653458333333333,0.9653458333333333,0.9776582164973467,0.0094667,0.034654166666666666,475456,4544,16634,463366
0.6210000,0.9778875,0.9903086525307797,0.9652208333333333,0.9652208333333333,0.9776038149898716,0.0094458,0.0347792,475466,4534,16694,463306
0.6230000,0.9778750,0.9903587156355552,0.9651458333333334,0.9651458333333334,0.9775897,0.0093958,0.034854166666666665,475490,4510,16730,463270
0.6250000,0.9778208333333334,0.9903911942800452,0.9650041666666667,0.9650041666666667,0.9775328797420271,0.0093625,0.0349958,475506,4494,16798,463202
0.6270000,0.9777938,0.9904409972156999,0.9649000,0.9649000,0.9775037,0.0093125,0.0351000,475530,4470,16848,463152
0.6290000,0.9777666666666667,0.9904740313625514,0.9648125,0.9648125,0.9774748724096736,0.0092792,0.0351875,475546,4454,16890,463110
0.6310000,0.9777208333333334,0.9905192993864925,0.9646750,0.9646750,0.9774263411421502,0.0092333,0.0353250,475568,4432,16956,463044
0.6330000,0.9777063,0.9905819829611341,0.9645833333333333,0.9645833333333333,0.9774098006970642,0.0091708,0.035416666666666666,475598,4402,17000,463000
0.6350000,0.9776583333333333,0.9906314,0.9644375,0.9644375,0.9773590004518067,0.0091208,0.0355625,475622,4378,17070,462930
0.6370000,0.9776354166666666,0.9906940110353448,0.9643291666666667,0.9643291666666667,0.9773338,0.0090583,0.0356708,475652,4348,17122,462878
0.6390000,0.9776250,0.9907652392817694,0.9642375,0.9642375,0.9773213901100989,0.0089875,0.0357625,475686,4314,17166,462834
0.6410000,0.9775916666666666,0.9908192453282634,0.9641166666666666,0.9641166666666666,0.9772855899918061,0.0089333,0.035883333333333337,475712,4288,17224,462776
0.6430000,0.9775479166666666,0.9908646660013962,0.9639833333333333,0.9639833333333333,0.9772391755669086,0.0088875,0.0360167,475734,4266,17288,462712
0.6450000,0.9775145833333333,0.9909018868732732,0.9638791666666666,0.9638791666666666,0.9772037469242061,0.0088500,0.0361208,475752,4248,17338,462662
0.6470000,0.9774791666666667,0.9909391,0.9637708333333334,0.9637708333333334,0.9771661526762705,0.0088125,0.036229166666666666,475770,4230,17390,462610
0.6490000,0.9774520833333333,0.9909890608998941,0.9636666666666667,0.9636666666666667,0.9771369060570404,0.0087625,0.036333333333333336,475794,4206,17440,462560
0.6510000,0.9774188,0.9910305253549435,0.9635583333333333,0.9635583333333333,0.9771013653831122,0.0087208,0.036441666666666664,475814,4186,17492,462508
0.6530000,0.9773625,0.9910547430863922,0.9634208333333333,0.9634208333333333,0.9770424332569911,0.0086958,0.0365792,475826,4174,17558,462442
0.6550000,0.9773333333333334,0.9911005178504064,0.9633166666666667,0.9633166666666667,0.9770111,0.0086500,0.0366833,475848,4152,17608,462392
0.6570000,0.9773000,0.9911757139181888,0.9631750,0.9631750,0.9769747686065677,0.0085750,0.0368250,475884,4116,17676,462324
0.6590000,0.9772729166666667,0.9912173491661199,0.9630791666666667,0.9630791666666667,0.9769456895476841,0.0085333,0.0369208,475904,4096,17722,462278
0.6610000,0.9772291666666667,0.9912671247565861,0.9629416666666667,0.9629416666666667,0.9768991127399386,0.0084833,0.0370583,475928,4072,17788,462212
0.6630000,0.9772041666666667,0.9913130394495255,0.9628458333333333,0.9628458333333333,0.9768720884026479,0.0084375,0.0371542,475950,4050,17834,462166
0.6650000,0.9771395833333333,0.9913456,0.9626833333333333,0.9626833333333333,0.9768042599157402,0.0084042,0.037316666666666665,475966,4034,17912,462088
0.6670000,0.9771166666666666,0.9913873750160923,0.9625958333333333,0.9625958333333333,0.9767794854448977,0.0083625,0.0374042,475986,4014,17954,462046
0.6690000,0.9770729166666666,0.9914119,0.9624833333333334,0.9624833333333334,0.9767334676541289,0.0083375,0.0375167,475998,4002,18008,461992
0.6710000,0.9770479166666667,0.9914747483419545,0.9623708333333333,0.9623708333333333,0.9767060291148206,0.0082750,0.037629166666666665,476028,3972,18062,461938
0.6730000,0.9770166666666666,0.9915121800431046,0.9622708333333333,0.9622708333333333,0.9766726859820436,0.0082375,0.0377292,476046,3954,18110,461890
0.6750000,0.9769770833333333,0.9915494772097817,0.9621541666666666,0.9621541666666666,0.9766307,0.0082000,0.037845833333333335,476064,3936,18166,461834
0.6770000,0.9769479166666667,0.9915870,0.9620583333333333,0.9620583333333333,0.9765994928656475,0.0081625,0.037941666666666665,476082,3918,18212,461788
0.6790000,0.9768958333333333,0.9916240711309652,0.9619166666666666,0.9619166666666666,0.9765444893297519,0.0081250,0.0380833,476100,3900,18280,461720
0.6810000,0.9768541666666667,0.9916655926451003,0.9617916666666667,0.9617916666666667,0.9765002009433763,0.0080833,0.0382083,476120,3880,18340,461660
0.6830000,0.9768270833333333,0.9916905,0.9617125,0.9617125,0.9764714592433552,0.0080583,0.0382875,476132,3868,18378,461622
0.6850000,0.9768041666666667,0.9917407932619999,0.9616166666666667,0.9616166666666667,0.9764464470817202,0.0080083,0.0383833,476156,3844,18424,461576
0.6870000,0.9767645833333334,0.9917781607663975,0.9615000,0.9615000,0.9764044064289689,0.0079708,0.0385000,476174,3826,18480,461520
0.6890000000000001,0.9767395833333333,0.9918326992928838,0.9613958333333333,0.9613958333333333,0.9763771197647233,0.0079167,0.0386042,476200,3800,18530,461470
0.6910000000000001,0.9766750,0.9918612150135432,0.9612375,0.9612375,0.9763092744239192,0.0078875,0.0387625,476214,3786,18606,461394
0.6930000000000001,0.9766270833333334,0.9919196349859594,0.9610833333333333,0.9610833333333333,0.9762580443095702,0.0078292,0.0389167,476242,3758,18680,461320
0.6950000000000001,0.9765688,0.9919525151078518,0.9609333333333333,0.9609333333333333,0.9761965735087144,0.0077958,0.039066666666666666,476258,3742,18752,461248
0.6970000000000001,0.9765083333333333,0.9919853731985373,0.9607791666666666,0.9607791666666666,0.9761329241189545,0.0077625,0.0392208,476274,3726,18826,461174
0.6990000000000001,0.9764541666666666,0.9920183470448521,0.9606375,0.9606375,0.9760757650166806,0.0077292,0.0393625,476290,3710,18894,461106
0.7010000000000001,0.9764395833333334,0.9920858634327299,0.9605416666666666,0.9605416666666666,0.9760589708469438,0.0076625,0.0394583,476322,3678,18940,461060
0.7030000000000001,0.9764104166666666,0.9921235102458928,0.9604458333333333,0.9604458333333333,0.9760277090297816,0.0076250,0.0395542,476340,3660,18986,461014
0.7050000,0.9763583333333333,0.9921777463988359,0.9602875,0.9602875,0.9759721863447148,0.0075708,0.0397125,476366,3634,19062,460938
0.7070000,0.9763000,0.9922149500516707,0.9601333333333333,0.9601333333333333,0.9759105539556157,0.0075333,0.0398667,476384,3616,19136,460864
0.7090000,0.9762791666666667,0.9922782084409991,0.9600291666666667,0.9600291666666667,0.9758873358746294,0.0074708,0.0399708,476414,3586,19186,460814
0.7110000,0.9762250,0.9923239946242117,0.9598750,0.9598750,0.9758298175163931,0.0074250,0.0401250,476436,3564,19260,460740
0.7130000,0.9761770833333333,0.9923741410137653,0.9597291666666666,0.9597291666666666,0.9757786932991601,0.0073750,0.0402708,476460,3540,19330,460670
0.7150000,0.9761229166666666,0.9924072342424255,0.9595875,0.9595875,0.9757215,0.0073417,0.0404125,476476,3524,19398,460602
0.7170000,0.9760625,0.9924529765701774,0.9594208333333333,0.9594208333333333,0.9756573985407151,0.0072958,0.040579166666666666,476498,3502,19478,460522
0.7190000,0.9760229166666666,0.9924990623827978,0.9592958333333333,0.9592958333333333,0.9756150271944675,0.0072500,0.040704166666666666,476520,3480,19538,460462
0.7210000,0.9759833333333333,0.9925409171653761,0.9591750,0.9591750,0.9755728,0.0072083,0.0408250,476540,3460,19596,460404
0.7230000,0.9759416666666667,0.9925912509487339,0.9590416666666667,0.9590416666666667,0.9755280914115214,0.0071583,0.0409583,476564,3436,19660,460340
0.7250000,0.9758958333333333,0.9926415403593827,0.9589000,0.9589000,0.9754790798614791,0.0071083,0.0411000,476588,3412,19728,460272
0.7270000,0.9758500,0.9926876,0.9587625,0.9587625,0.9754301629087024,0.0070625,0.0412375,476610,3390,19794,460206
0.7290000,0.9757770833333334,0.9927120055576891,0.9585916666666666,0.9585916666666666,0.9753535233629606,0.0070375,0.0414083,476622,3378,19876,460124
0.7310000,0.9757416666666666,0.9927497453779627,0.9584833333333334,0.9584833333333334,0.9753156560303233,0.0070000,0.0415167,476640,3360,19928,460072
0.7330000,0.9757020833333333,0.9928257237946827,0.9583291666666667,0.9583291666666667,0.9752724944398624,0.0069250,0.0416708,476676,3324,20002,459998
0.7350000,0.9756688,0.9928635262728438,0.9582250,0.9582250,0.9752367866979625,0.0068875,0.0417750,476694,3306,20052,459948
0.7370000,0.9756041666666667,0.9929051369744706,0.9580541666666667,0.9580541666666667,0.9751683715880366,0.0068458,0.041945833333333335,476714,3286,20134,459866
0.7390000,0.9755520833333333,0.9929341746675477,0.9579208333333333,0.9579208333333333,0.9751132996986451,0.0068167,0.0420792,476728,3272,20198,459802
0.7410000,0.9754958333333333,0.9929716793668896,0.9577708333333333,0.9577708333333333,0.9750536594470319,0.0067792,0.042229166666666665,476746,3254,20270,459730
0.7430000,0.9754541666666666,0.9930221907296671,0.9576375,0.9576375,0.9750089087237617,0.0067292,0.0423625,476770,3230,20334,459666
0.7450000,0.9754041666666666,0.9930598169451095,0.9575000,0.9575000,0.9749557706096231,0.0066917,0.0425000,476788,3212,20400,459600
0.7470000,0.9753354166666667,0.9930801381379045,0.9573416666666666,0.9573416666666666,0.9748834762168435,0.0066708,0.0426583,476798,3202,20476,459524
0.7490000,0.9752645833333333,0.9931132275315265,0.9571666666666667,0.9571666666666667,0.9748086727928149,0.0066375,0.042833333333333334,476814,3186,20560,459440
0.7510000,0.9752229166666667,0.9931467461096434,0.9570500,0.9570500,0.9747643105859185,0.0066042,0.0429500,476830,3170,20616,459384
0.7530000,0.9751520833333334,0.9931841280138394,0.9568708333333333,0.9568708333333333,0.9746893734415618,0.0065667,0.0431292,476848,3152,20702,459298
0.7550000,0.9750813,0.9932343284292308,0.9566791666666666,0.9566791666666666,0.9746140964880817,0.0065167,0.043320833333333336,476872,3128,20794,459206
0.7570000,0.9750145833333334,0.9932760746814356,0.9565041666666667,0.9565041666666667,0.9745433705146301,0.0064750,0.0434958,476892,3108,20878,459122
0.7590000,0.9749583333333334,0.9933521458373007,0.9563166666666667,0.9563166666666667,0.9744826473510356,0.0064000,0.0436833,476928,3072,20968,459032
0.7610000,0.9749166666666667,0.9933985541751439,0.9561875,0.9561875,0.9744379100231417,0.0063542,0.0438125,476950,3050,21030,458970
0.7630000,0.9748541666666667,0.9934489686347183,0.9560125,0.9560125,0.9743712788455822,0.0063042,0.0439875,476974,3026,21114,458886
0.7650000,0.9747813,0.9934907168007068,0.9558250,0.9558250,0.9742939598769169,0.0062625,0.0441750,476994,3006,21204,458796
0.7670000,0.9747063,0.9935196,0.9556458333333333,0.9556458333333333,0.9742147728262232,0.0062333,0.0443542,477008,2992,21290,458710
0.7690000,0.9746333333333334,0.9935571365436442,0.9554625,0.9554625,0.9741375281968062,0.0061958,0.0445375,477026,2974,21378,458622
0.7710000,0.9745604166666667,0.9936246104771357,0.9552500,0.9552500,0.9740594947007951,0.0061292,0.0447500,477058,2942,21480,458520
0.7730000,0.9744791666666667,0.9936748920526471,0.9550375,0.9550375,0.9739731615491174,0.0060792,0.0449625,477082,2918,21582,458418
0.7750000,0.9744229166666667,0.9937212,0.9548791666666666,0.9548791666666666,0.9739130804323667,0.0060333,0.0451208,477104,2896,21658,458342
0.7770000,0.9743563,0.9937674842235378,0.9547000,0.9547000,0.9738420834528705,0.0059875,0.0453000,477126,2874,21744,458256
0.7790000,0.9742813,0.9938007834699127,0.9545166666666667,0.9545166666666667,0.9737626803085143,0.0059542,0.045483333333333334,477142,2858,21832,458168
0.7810000,0.9742083333333333,0.9938641255294036,0.9543083333333333,0.9543083333333333,0.9736846580280925,0.0058917,0.045691666666666665,477172,2828,21932,458068
0.7830000,0.9741104166666666,0.9939143230444011,0.9540625,0.9540625,0.9735807660663679,0.0058417,0.0459375,477196,2804,22050,457950
0.7850000,0.9740416666666667,0.9939520505717983,0.9538875,0.9538875,0.9735077371865473,0.0058042,0.0461125,477214,2786,22134,457866
0.7870000,0.9739895833333333,0.9940200374344788,0.9537166666666667,0.9537166666666667,0.9734513650697793,0.0057375,0.046283333333333336,477246,2754,22216,457784
0.7890000,0.9739063,0.9940747948549759,0.9534958333333333,0.9534958333333333,0.9733625689329928,0.0056833,0.046504166666666666,477272,2728,22322,457678
0.7910000,0.9738083333333334,0.9941251108059722,0.9532500,0.9532500,0.9732586,0.0056333,0.0467500,477296,2704,22440,457560
0.7930000,0.9737291666666666,0.9941499117705861,0.9530666666666666,0.9530666666666666,0.9731748928910274,0.0056083,0.046933333333333334,477308,2692,22528,457472
0.7950000,0.9736708333333334,0.9942050532978594,0.9528958333333334,0.9528958333333334,0.9731122,0.0055542,0.0471042,477334,2666,22610,457390
0.7970000,0.9735688,0.9942339051594807,0.9526625,0.9526625,0.9730043726660496,0.0055250,0.0473375,477348,2652,22722,457278
0.7990000,0.9734750,0.9942585729944151,0.9524500,0.9524500,0.9729053346612528,0.0055000,0.0475500,477360,2640,22824,457176
0.8010000,0.9734104166666666,0.9942922026790103,0.9522875,0.9522875,0.9728366474340282,0.0054667,0.0477125,477376,2624,22902,457098
0.8030000,0.9733291666666667,0.9943256485905503,0.9520916666666667,0.9520916666666667,0.9727504544428976,0.0054333,0.0479083,477392,2608,22996,457004
0.8050000,0.9732416666666667,0.9943849,0.9518583333333334,0.9518583333333334,0.9726570,0.0053750,0.048141666666666666,477420,2580,23108,456892
0.8070000,0.9731666666666666,0.9944528623926712,0.9516416666666667,0.9516416666666667,0.9725763730975924,0.0053083,0.048358333333333337,477452,2548,23212,456788
0.8090000,0.9730895833333333,0.9944864229253315,0.9514541666666667,0.9514541666666667,0.9724944901674777,0.0052750,0.0485458,477468,2532,23302,456698
0.8110000,0.9729958333333333,0.9945154994859642,0.9512375,0.9512375,0.9723951988687185,0.0052458,0.0487625,477482,2518,23406,456594
0.8130000000000001,0.9728958333333333,0.9945531395703516,0.9510000,0.9510000,0.9722891,0.0052083,0.0490000,477500,2500,23520,456480
0.8150000000000001,0.9728083333333334,0.9945909427712156,0.9507875,0.9507875,0.9721960675713099,0.0051708,0.0492125,477518,2482,23622,456378
0.8170000000000001,0.9727291666666666,0.9946288594173708,0.9505916666666666,0.9505916666666666,0.9721117914498886,0.0051333,0.0494083,477536,2464,23716,456284
0.8190000000000001,0.9726333333333333,0.9947011260652263,0.9503291666666667,0.9503291666666667,0.9720090178012077,0.0050625,0.0496708,477570,2430,23842,456158
0.8210000000000001,0.9725041666666666,0.9947212745722487,0.9500500,0.9500500,0.9718725890942879,0.0050417,0.0499500,477580,2420,23976,456024
0.8230000000000001,0.9723813,0.9947587771934802,0.9497666666666666,0.9497666666666666,0.9717422118961088,0.0050042,0.0502333,477598,2402,24112,455888
0.8250000000000001,0.9723041666666666,0.9948140840397761,0.9495583333333333,0.9495583333333333,0.9716595392703195,0.0049500,0.0504417,477624,2376,24212,455788
0.8270000000000001,0.9721979166666667,0.9948820737208459,0.9492791666666667,0.9492791666666667,0.9715457815475086,0.0048833,0.0507208,477656,2344,24346,455654
0.8290000000000001,0.9720833333333333,0.9949154319261951,0.9490166666666666,0.9490166666666666,0.9714241845229972,0.0048500,0.0509833,477672,2328,24472,455528
0.8310000000000001,0.9719666666666666,0.9949660910298539,0.9487333333333333,0.9487333333333333,0.9712998669078251,0.0048000,0.0512667,477696,2304,24608,455392
0.8330000000000001,0.9718625,0.9950212438585142,0.9484708333333334,0.9484708333333334,0.9711885522172826,0.0047458,0.0515292,477722,2278,24734,455266
0.8350000,0.9717645833333334,0.9950721684645016,0.9482250,0.9482250,0.9710839106381253,0.0046958,0.0517750,477746,2254,24852,455148
0.8370000,0.9716813,0.9951146119899755,0.9480166666666666,0.9480166666666666,0.9709948553370277,0.0046542,0.0519833,477766,2234,24952,455048
0.8390000,0.9715875,0.9951699698123113,0.9477750,0.9477750,0.9708944234586081,0.0046000,0.0522250,477792,2208,25068,454932
0.8410000,0.9714833333333334,0.9952165883290007,0.9475208333333334,0.9475208333333334,0.9707832263958438,0.0045542,0.0524792,477814,2186,25190,454810
0.8430000,0.9713645833333333,0.9952674275557424,0.9472333333333334,0.9472333333333334,0.9706565,0.0045042,0.0527667,477838,2162,25328,454672
0.8450000,0.9712666666666666,0.9953488779496522,0.9469583333333333,0.9469583333333333,0.9705508058385931,0.0044250,0.0530417,477876,2124,25460,454540
0.8470000,0.9711750,0.9954218,0.9467041666666667,0.9467041666666667,0.9704519342066487,0.0043542,0.053295833333333334,477910,2090,25582,454418
0.8490000,0.9710541666666667,0.9954509996406378,0.9464333333333333,0.9464333333333333,0.9703235066704828,0.0043250,0.053566666666666665,477924,2076,25712,454288
0.8510000,0.9709270833333333,0.9954932,0.9461375,0.9461375,0.9701880577054952,0.0042833,0.0538625,477944,2056,25854,454146
0.8530000,0.9707833333333333,0.9955353227023139,0.9458083333333334,0.9458083333333334,0.9700349563686401,0.0042417,0.054191666666666666,477964,2036,26012,453988
0.8550000,0.9706458333333333,0.9955949069402154,0.9454750,0.9454750,0.9698878863390593,0.0041833,0.0545250,477992,2008,26172,453828
0.8570000,0.9705333333333334,0.9956243142418257,0.9452208333333333,0.9452208333333333,0.9697680880624131,0.0041542,0.054779166666666664,478006,1994,26294,453706
0.8590000,0.9703938,0.9956491388280334,0.9449166666666666,0.9449166666666666,0.9696197498348551,0.0041292,0.0550833,478018,1982,26440,453560
0.8610000,0.9702729166666667,0.9957046,0.9446208333333334,0.9446208333333334,0.9694902787548083,0.0040750,0.0553792,478044,1956,26582,453418
0.8630000,0.9701604166666666,0.9957384553877786,0.9443625,0.9443625,0.9693702,0.0040417,0.0556375,478060,1940,26706,453294
0.8650000,0.9699938,0.9958023269613682,0.9439666666666666,0.9439666666666666,0.9691919051479443,0.0039792,0.0560333,478090,1910,26896,453104
0.8670000,0.9698479166666667,0.9958446378239094,0.9436333333333333,0.9436333333333333,0.9690362139160535,0.0039375,0.0563667,478110,1890,27056,452944
0.8690000,0.9696875,0.9958868555340489,0.9432708333333333,0.9432708333333333,0.9688650175468629,0.0038958,0.056729166666666664,478130,1870,27230,452770
0.8710000,0.9695166666666667,0.9959421157333239,0.9428750,0.9428750,0.9686823112420058,0.0038417,0.0571250,478156,1844,27420,452580
0.8730000,0.9693188,0.9959884629780489,0.9424333333333333,0.9424333333333333,0.9684710818998277,0.0037958,0.0575667,478178,1822,27632,452368
0.8750000,0.9691666666666666,0.9960483537009789,0.9420708333333333,0.9420708333333333,0.9683079439992806,0.0037375,0.057929166666666664,478206,1794,27806,452194
0.8770000,0.9690125,0.9961039075515439,0.9417083333333334,0.9417083333333334,0.9681426619318303,0.0036833,0.058291666666666665,478232,1768,27980,452020
0.8790000,0.9688520833333333,0.9961813,0.9413125,0.9413125,0.9679699902095417,0.0036083,0.0586875,478268,1732,28170,451830
0.8810000,0.9687063,0.9962195568456017,0.9409833333333333,0.9409833333333333,0.9678139590694524,0.0035708,0.0590167,478286,1714,28328,451672
0.8830000,0.9684938,0.9962528963919232,0.9405250,0.9405250,0.9675872046294809,0.0035375,0.0594750,478302,1698,28548,451452
0.8850000,0.9683250,0.9963216786922309,0.9401208333333333,0.9401208333333333,0.9674057050735108,0.0034708,0.059879166666666664,478334,1666,28742,451258
0.8870000,0.9681291666666667,0.9963859360779012,0.9396666666666667,0.9396666666666667,0.9671954676650841,0.0034083,0.060333333333333336,478364,1636,28960,451040
0.8890000,0.9679438,0.9964152319490795,0.9392666666666667,0.9392666666666667,0.9669973296728045,0.0033792,0.060733333333333334,478378,1622,29152,450848
0.8910000,0.9677375,0.9964707,0.9388000,0.9388000,0.9667760828988865,0.0033250,0.0612000,478404,1596,29376,450624
0.8930000,0.9675125,0.9965173909195504,0.9383041666666667,0.9383041666666667,0.9665350444225075,0.0032792,0.0616958,478426,1574,29614,450386
0.8950000,0.9672708333333333,0.9965463803409342,0.9377916666666667,0.9377916666666667,0.9662766985081035,0.0032500,0.0622083,478440,1560,29860,450140
0.8970000,0.9670395833333333,0.9965754790120722,0.9373000,0.9373000,0.9660293091416609,0.0032208,0.0627000,478454,1546,30096,449904
0.8990000,0.9668208333333334,0.9966355189900351,0.9368041666666667,0.9368041666666667,0.9657940858090346,0.0031625,0.0631958,478482,1518,30334,449666
0.9010000,0.9666063,0.9967044713626102,0.9363083333333333,0.9363083333333333,0.9655628769145163,0.0030958,0.0636917,478514,1486,30572,449428
0.9030000,0.9663813,0.9967734347608037,0.9357916666666667,0.9357916666666667,0.9653204159744864,0.0030292,0.0642083,478546,1454,30820,449180
0.9050000,0.9661104166666666,0.9968156967939351,0.9352083333333333,0.9352083333333333,0.9650297635042898,0.0029875,0.0647917,478566,1434,31100,448900
0.9070000,0.9658666666666667,0.9968537807956201,0.9346833333333333,0.9346833333333333,0.9647680159644927,0.0029500,0.0653167,478584,1416,31352,448648
0.9090000,0.9655813,0.9969004727112637,0.9340666666666667,0.9340666666666667,0.9644612614628082,0.0029042,0.0659333,478606,1394,31648,448352
0.9110000,0.9653041666666666,0.9969295942614562,0.9334833333333333,0.9334833333333333,0.9641638298696437,0.0028750,0.0665167,478620,1380,31928,448072
0.9130000,0.9650063,0.9969807489345784,0.9328375,0.9328375,0.9638431286445855,0.0028250,0.0671625,478644,1356,32238,447762
0.9150000,0.9647020833333333,0.9970053609386768,0.9322041666666666,0.9322041666666666,0.9635164437630409,0.0028000,0.0677958,478656,1344,32542,447458
0.9170000,0.9643688,0.9970431222488326,0.9315000,0.9315000,0.9631577926987676,0.0027625,0.0685000,478674,1326,32880,447120
0.9190000,0.9640563,0.9971254491485705,0.9307958333333334,0.9307958333333334,0.9628196148997382,0.0026833,0.0692042,478712,1288,33218,446782
0.9210000,0.9637750,0.9971814502800682,0.9301791666666667,0.9301791666666667,0.9625156831380935,0.0026292,0.0698208,478738,1262,33514,446486
0.9230000,0.9634854166666666,0.9972197016766718,0.9295625,0.9295625,0.9622032,0.0025917,0.0704375,478756,1244,33810,446190
0.9250000,0.9631604166666666,0.9972755944259288,0.9288583333333333,0.9288583333333333,0.9618518558469155,0.0025375,0.0711417,478782,1218,34148,445852
0.9270000,0.9628416666666667,0.9973583351242926,0.9281416666666666,0.9281416666666666,0.9615059221658206,0.0024583,0.0718583,478820,1180,34492,445508
0.9290000,0.9625063,0.9974188,0.9274125,0.9274125,0.9611425980503288,0.0024000,0.0725875,478848,1152,34842,445158
0.9310000,0.9621229166666667,0.9974613255827514,0.9266041666666667,0.9266041666666667,0.9607280252121715,0.0023583,0.0733958,478868,1132,35230,444770
0.9330000,0.9617063,0.9975126500154898,0.9257208333333333,0.9257208333333333,0.9602767938763028,0.0023083,0.0742792,478892,1108,35654,444346
0.9350000,0.9613063,0.9975596931415243,0.9248750,0.9248750,0.9598432908912831,0.0022625,0.0751250,478914,1086,36060,443940
0.9370000,0.9608916666666667,0.9976112285752845,0.9239958333333333,0.9239958333333333,0.9593934543252072,0.0022125,0.0760042,478938,1062,36482,443518
0.9390000000000001,0.9605188,0.9976630779829526,0.9232000,0.9232000,0.9589882424738199,0.0021625,0.0768000,478962,1038,36864,443136
0.9410000000000001,0.9601688,0.9977106495355953,0.9224541666666667,0.9224541666666667,0.9586076549533771,0.0021167,0.0775458,478984,1016,37222,442778
0.9430000000000001,0.9596895833333333,0.9977486927529563,0.9214583333333334,0.9214583333333334,0.9580872047811216,0.0020792,0.0785417,479002,998,37700,442300
0.9450000000000001,0.9591729166666667,0.9977956355390529,0.9203791666666666,0.9203791666666666,0.9575251582755175,0.0020333,0.0796208,479024,976,38218,441782
0.9470000000000001,0.9587333333333333,0.9978610641318996,0.9194375,0.9194375,0.9570453963889335,0.0019708,0.0805625,479054,946,38670,441330
0.9490000000000001,0.9582145833333333,0.9978947177789952,0.9183666666666667,0.9183666666666667,0.9564804,0.0019375,0.0816333,479070,930,39184,440816
0.9510000000000001,0.9576729166666667,0.9979599515828509,0.9172208333333334,0.9172208333333334,0.9558885152078995,0.0018750,0.0827792,479100,900,39734,440266
0.9530000000000001,0.9571145833333333,0.9980027,0.9160625,0.9160625,0.9552786799769714,0.0018333,0.0839375,479120,880,40290,439710
0.9550000000000001,0.9565083333333333,0.9980724819522485,0.9147833333333333,0.9147833333333333,0.9546146287165307,0.0017667,0.0852167,479152,848,40904,439096
0.9570000000000001,0.9558563,0.9981286965073555,0.9134250,0.9134250,0.9539001768802502,0.0017125,0.0865750,479178,822,41556,438444
0.9590000000000001,0.9552438,0.9981806989945968,0.9121500,0.9121500,0.9532281767414519,0.0016625,0.0878500,479202,798,42168,437832
0.9610000,0.9545520833333333,0.9982553014628978,0.9106958333333334,0.9106958333333334,0.9524675,0.0015917,0.0893042,479236,764,42866,437134
0.9630000,0.9536479166666667,0.9983430598466644,0.9088041666666666,0.9088041666666666,0.9514717,0.0015083,0.0911958,479276,724,43774,436226
0.9650000,0.9526791666666666,0.9983806745201659,0.9068291666666667,0.9068291666666667,0.9504052472532272,0.0014708,0.0931708,479294,706,44722,435278
0.9670000,0.9518250,0.9984371839894096,0.9050666666666667,0.9050666666666667,0.9494619237863781,0.0014167,0.0949333,479320,680,45568,434432
0.9690000,0.9508708333333333,0.9984982,0.9031000,0.9031000,0.9484061522305118,0.0013583,0.0969000,479348,652,46512,433488
0.9710000,0.9498604166666667,0.9985730844004415,0.9010083333333333,0.9010083333333333,0.9472851882922171,0.0012875,0.0989917,479382,618,47516,432484
0.9730000,0.9486791666666666,0.9986570716753262,0.8985666666666666,0.8985666666666666,0.9459716720839748,0.0012083,0.10143333333333333,479420,580,48688,431312
0.9750000,0.9474875,0.9987368694796088,0.8961083333333333,0.8961083333333333,0.9446433199074094,0.0011333,0.10389166666666666,479456,544,49868,430132
0.9770000,0.9460666666666666,0.9988165129065325,0.8931916666666667,0.8931916666666667,0.9430557388588272,0.0010583,0.10680833333333334,479492,508,51268,428732
0.9790000,0.9445250,0.9988730629307846,0.8900541666666667,0.8900541666666667,0.9413291499028322,0.0010042,0.10994583333333334,479518,482,52774,427226
0.9810000,0.9427938,0.9989529877410358,0.8865166666666666,0.8865166666666666,0.9393823663813752,0.0009292,0.11348333333333334,479554,446,54472,425528
0.9830000,0.9408688,0.9990849,0.8825458333333334,0.8825458333333334,0.9372064468313404,0.0008083,0.11745416666666667,479612,388,56378,423622
0.9850000,0.9386145833333334,0.9991417611440656,0.8779833333333333,0.8779833333333333,0.9346524816088819,0.0007542,0.12201666666666666,479638,362,58568,421432
0.9870000,0.9360875,0.9992463198465927,0.8728333333333333,0.8728333333333333,0.9317718,0.0006583,0.12716666666666668,479684,316,61040,418960
0.9890000,0.9330688,0.9993610039444795,0.8666916666666666,0.8666916666666666,0.9283101894724628,0.0005542,0.13330833333333333,479734,266,63988,416012
0.9910000,0.9292020833333333,0.9994569460000678,0.8588708333333334,0.8588708333333334,0.9238460831703049,0.0004667,0.14112916666666667,479776,224,67742,412258
0.9930000,0.9238583333333333,0.9995580262434195,0.8480916666666667,0.8480916666666667,0.9176164027842896,0.0003750,0.15190833333333334,479820,180,72916,407084
0.9950000,0.9153958333333333,0.9996642,0.8310708333333333,0.8310708333333333,0.9076045904205459,0.0002792,0.16892916666666666,479866,134,81086,398914
0.9970000,0.9011875,0.9997923695821438,0.8025416666666667,0.8025416666666667,0.8903732809430255,0.0001667,0.19745833333333335,479920,80,94780,385220
0.9990000,0.8708291666666667,0.9999325926009145,0.7417083333333333,0.7417083333333333,0.8516777,5e-05,0.25829166666666664,479976,24,123980,356020
